{"cameraMode":{"drawMode":0,"name":"Shaded","section":"Shading Mode"},"sceneLighting":true,"audioPlay":false,"sceneViewState":{"m_AlwaysRefresh":false,"showFog":true,"showSkybox":true,"showFlares":true,"showImageEffects":true,"showParticleSystems":true,"showVisualEffectGraphs":true,"m_FxEnabled":true},"in2DMode":false,"pivot":{"x":0.9275017976760864,"y":1.5205336809158326,"z":-4.152854919433594},"rotation":{"x":-0.21015825867652894,"y":0.02551116980612278,"z":-0.005485693924129009,"w":-0.9773216247558594},"size":5.137463569641113,"orthographic":false}